date,total_inventory_units,total_inventory_value,stockout_count,cumulative_revenue,cumulative_cost,cumulative_lost_sales,orders_placed_today
2023-01-01,130224,5358513.849999996,0,20616.24,0.0,0.0,0
2023-01-02,129528,5320149.199999999,0,90363.09,0.0,0.0,0
2023-01-03,128751,5279387.68,0,165125.35999999996,0.0,0.0,0
2023-01-04,127977,5235752.109999999,0,244577.22999999998,0.0,0.0,0
2023-01-05,127222,5196302.940000001,0,317365.6399999999,0.0,0.0,0
2023-01-06,126526,5156957.830000001,0,388753.54999999964,0.0,0.0,0
2023-01-07,126265,5143245.259999996,0,413874.3999999996,0.0,0.0,0
2023-01-08,126034,5130464.280000003,0,437123.4499999996,0.0,0.0,0
2023-01-09,125242,5088425.629999999,0,514276.8599999998,0.0,0.0,0
2023-01-10,124413,5044983.590000001,0,594084.0100000004,0.0,0.0,0
2023-01-11,123630,5004362.25,0,668484.6400000001,0.0,0.0,0
2023-01-12,122862,4960660.8500000015,0,748011.72,0.0,0.0,0
2023-01-13,122166,4922434.050000001,0,817868.6700000002,0.0,0.0,0
2023-01-14,121927,4908171.460000001,0,843589.5600000003,0.0,0.0,0
2023-01-15,121715,4896771.079999999,0,864363.1300000007,0.0,0.0,0
2023-01-16,120843,4851333.140000003,0,947534.6300000002,0.0,0.0,0
2023-01-17,120034,4808919.739999996,0,1025495.1800000003,0.0,0.0,0
2023-01-18,119217,4762574.959999996,0,1109652.6000000003,0.0,0.0,0
2023-01-19,118446,4720097.480000001,0,1186997.4900000005,0.0,0.0,0
2023-01-20,117769,4682608.299999997,0,1255232.1500000006,0.0,0.0,0
2023-01-21,117533,4669478.250000004,0,1279211.7700000005,0.0,0.0,0
2023-01-22,117340,4658688.1800000025,0,1298936.1100000003,0.0,0.0,0
2023-01-23,116549,4614434.8500000015,0,1379120.6800000002,326.52,0.0,1
2023-01-24,115714,4572245.639999999,0,1456708.6599999997,326.52,0.0,0
2023-01-25,114933,4526335.05,0,1539873.0599999994,326.52,0.0,0
2023-01-26,114177,4483382.260000001,0,1618047.6899999995,701.856,0.0,1
2023-01-27,113526,4449176.5200000005,0,1680091.95,701.856,0.0,0
2023-01-28,113260,4435767.86,0,1704852.4000000001,701.856,0.0,0
2023-01-29,113033,4423044.139999999,0,1728065.23,701.856,0.0,0
2023-01-30,112224,4377163.61,0,1811121.1199999982,1050.084,0.0,1
2023-01-31,111402,4331518.779999998,0,1894490.559999998,1050.084,0.0,0
2023-02-01,110560,4284562.5,0,1980457.189999998,1519.9740000000002,0.0,1
2023-02-02,109692,4239100.159999999,0,2063778.7899999984,1895.3100000000002,0.0,1
2023-02-03,108991,4201189.630000001,0,2133199.0399999986,1895.3100000000002,0.0,0
2023-02-04,108713,4184527.640000001,0,2163310.1499999976,1895.3100000000002,0.0,0
2023-02-05,108507,4171605.5599999996,0,2187199.3099999987,1895.3100000000002,0.0,0
2023-02-06,107783,4131632.870000002,0,2259605.229999998,1895.3100000000002,0.0,0
2023-02-07,106979,4084182.670000001,0,2346170.039999996,2221.83,0.0,1
2023-02-08,106166,4036267.5500000026,0,2432330.6899999953,2221.83,0.0,0
2023-02-09,105329,3988374.8200000026,0,2519283.899999996,2548.35,0.0,1
2023-02-10,104596,3950391.089999998,0,2589196.8999999966,2548.35,0.0,0
2023-02-11,104343,3935336.009999999,0,2616204.6199999955,2548.35,0.0,0
2023-02-12,104136,3922981.9400000004,0,2639471.1599999946,2548.35,0.0,0
2023-02-13,103327,3878340.130000001,0,2720765.1399999945,2548.35,0.0,0
2023-02-14,102431,3830916.630000001,0,2808470.409999997,3018.24,0.0,1
2023-02-15,101666,3788770.68,0,2885105.329999996,3741.8039999999996,0.0,2
2023-02-16,100852,3745719.810000002,0,2964697.349999997,3741.8039999999996,0.0,0
2023-02-17,100096,3706045.1600000006,0,3037002.919999997,3741.8039999999996,0.0,0
2023-02-18,99816,3690749.430000001,0,3065002.8799999966,3741.8039999999996,0.0,0
2023-02-19,99572,3676619.24,0,3090468.1999999955,3741.8039999999996,0.0,0
2023-02-20,98772,3633474.209999999,0,3169561.9199999967,3741.8039999999996,0.0,0
2023-02-21,97935,3586687.0100000007,0,3255613.5099999956,3741.8039999999996,0.0,0
2023-02-22,97037,3538842.2199999974,0,3343568.2999999966,3741.8039999999996,0.0,0
2023-02-23,96202,3495588.809999999,0,3423895.5099999965,3741.8039999999996,0.0,0
2023-02-24,95478,3455556.709999999,0,3496828.7399999984,3741.8039999999996,0.0,0
2023-02-25,95210,3440593.799999999,0,3523959.9399999985,3741.8039999999996,0.0,0
2023-02-26,95026,3428106.349999999,0,3547073.4199999985,3741.8039999999996,0.0,0
2023-02-27,94169,3385605.689999999,0,3625461.949999997,4559.922,0.0,2
2023-02-28,93277,3339028.9400000004,0,3711167.2499999944,4559.922,0.0,0
2023-03-01,92388,3289735.2299999995,0,3801600.4999999925,4559.922,0.0,0
2023-03-02,91501,3241164.4200000004,0,3889798.85999999,96018.282,0.0,2
2023-03-03,90637,3191876.729999998,0,3978747.7599999886,154614.282,0.0,1
2023-03-04,90369,3174994.740000002,0,4009849.7799999905,213523.032,0.0,1
2023-03-05,90098,3160334.1500000013,0,4036515.4899999923,213523.032,0.0,0
2023-03-06,89235,3114229.679999998,0,4120729.9799999925,213523.032,0.0,0
2023-03-07,88303,3062509.9999999995,0,4214991.759999989,213523.032,0.0,0
2023-03-08,87401,3011266.500000002,0,4307883.739999982,213871.26,0.0,1
2023-03-09,86540,2962494.4399999985,0,4396205.449999983,354387.72000000003,0.0,2
2023-03-10,85935,2984544.739999999,0,4482331.599999983,354387.72000000003,0.0,0
2023-03-11,85658,2967267.7,0,4514123.579999988,354387.72000000003,0.0,0
2023-03-12,85393,2953587.2499999995,0,4539204.599999991,354387.72000000003,0.0,0
2023-03-13,84547,2904774.480000001,0,4628146.139999989,354387.72000000003,0.0,0
2023-03-14,83648,2872839.2499999977,0,4729399.659999989,354387.72000000003,0.0,0
2023-03-15,82753,2821509.059999999,0,4822265.579999988,412983.72000000003,0.0,1
2023-03-16,82116,2829476.52,0,4919531.159999986,412983.72000000003,0.0,0
2023-03-17,81924,2930570.3600000013,0,4998705.929999987,644109.54,0.0,3
2023-03-18,81619,2911305.0900000017,0,5033044.029999988,644109.54,0.0,0
2023-03-19,81669,2956901.829999998,0,5061262.739999986,698429.2200000001,0.0,1
2023-03-20,80749,2902831.359999998,0,5158736.319999984,855115.05,0.0,2
2023-03-21,79824,2849678.690000002,0,5255279.6199999815,855115.05,0.0,0
2023-03-22,78919,2797619.4799999977,0,5349928.219999985,908165.7300000001,0.0,2
2023-03-23,78010,2746516.640000001,0,5442827.579999988,1019601.672,0.0,3
2023-03-24,77507,2806606.96,0,5522194.81999999,1019601.672,0.0,0
2023-03-25,77200,2788718.190000001,0,5554284.209999992,1019601.672,0.0,0
2023-03-26,76966,2774309.8299999977,0,5580106.539999992,1019601.672,0.0,0
2023-03-27,76325,2795568.700000001,0,5668005.739999991,1130245.662,0.0,2
2023-03-28,75693,2803754.1199999982,0,5763849.649999991,1162713.4319999998,0.0,2
2023-03-29,75166,2883718.21,0,5859777.59999999,1184136.6719999998,0.0,1
2023-03-30,74318,2862240.430000001,0,5950345.389999989,1223557.3919999998,0.0,1
2023-03-31,73492,2821035.85,0,6026213.029999989,1281973.0751999998,0.0,2
2023-04-01,73494,2886003.990000001,1,6059759.529999987,1281973.0751999998,0.0,0
2023-04-02,73208,2869071.2599999984,1,6090296.569999987,1311474.7872,1164.24,1
2023-04-03,72235,2814963.760000001,1,6189001.069999991,1311474.7872,1164.24,0
2023-04-04,71343,2809965.2099999986,2,6293019.72999999,1356520.8672,1164.24,2
2023-04-05,70653,2848857.6999999993,1,6392274.049999993,1356520.8672,2328.48,0
2023-04-06,69670,2794965.009999999,1,6491187.439999994,1385119.2048,4656.96,1
2023-04-07,68841,2752304.179999998,1,6569342.439999996,1452584.2848,6985.4400000000005,1
2023-04-08,68604,2774072.9599999986,1,6600529.379999999,1452584.2848,8149.68,0
2023-04-09,68655,2776757.009999999,1,6631447.219999999,1499225.1168,9313.92,1
2023-04-10,67894,2801989.4899999984,0,6722266.120000001,1675297.2648,9313.92,2
2023-04-11,67258,2871269.030000002,0,6819469.360000003,1839039.8399999999,9313.92,4
2023-04-12,66592,2841451.2900000014,0,6925139.36,2060266.9259999997,9313.92,3
2023-04-13,65732,2838089.9399999985,0,7026906.36,2158889.1419999995,9313.92,1
2023-04-14,64963,2790579.26,0,7112228.290000002,2272587.462,9313.92,3
2023-04-15,64685,2773190.1399999997,0,7143421.870000003,2272587.462,9313.92,0
2023-04-16,64840,2828209.6499999976,0,7172481.310000003,2272587.462,9313.92,0
2023-04-17,64199,2840083.5800000015,0,7274913.560000002,2412791.172,9313.92,2
2023-04-18,63212,2782028.5999999987,0,7380090.560000003,2413117.692,9313.92,1
2023-04-19,62657,2764698.6999999993,0,7484316.380000006,2413117.692,9313.92,0
2023-04-20,62033,2773809.059999999,0,7578701.830000009,2556829.0896,9313.92,4
2023-04-21,61201,2724141.3000000003,0,7668311.27000001,2660680.0536,9313.92,1
2023-04-22,61400,2806817.249999999,1,7703346.400000011,2746045.5576000004,9313.92,1
2023-04-23,62479,3010504.129999998,1,7731865.810000014,2746045.5576000004,9699.06,0
2023-04-24,61822,3039882.8099999977,1,7830202.790000014,3085633.2996,10854.48,5
2023-04-25,61271,3024599.820000001,0,7924216.720000014,3184630.8516,10854.48,2
2023-04-26,61729,3333890.9599999995,0,8028597.750000014,3184630.8516,10854.48,0
2023-04-27,61050,3304834.7499999977,0,8133236.400000015,3214132.5636,10854.48,1
2023-04-28,60743,3339680.9899999998,0,8222516.090000016,3333774.9995999997,10854.48,2
2023-04-29,60455,3321481.7600000002,0,8255978.970000013,3364184.9916,10854.48,1
2023-04-30,60563,3394673.970000003,0,8287174.050000016,3364184.9916,10854.48,0
2023-05-01,59584,3336687.279999998,0,8392008.770000016,3461332.9266,10854.48,3
2023-05-02,59089,3382823.8300000005,0,8496101.21000001,3461332.9266,10854.48,0
2023-05-03,58919,3534632.9199999995,0,8596118.310000023,3513370.8186,10854.48,2
2023-05-04,57874,3471174.090000002,0,8710838.030000037,3559708.2186,10854.48,1
2023-05-05,59023,3530305.9399999967,0,8808617.540000042,3651126.7626,10854.48,3
2023-05-06,59202,3607787.26,0,8844523.870000042,3651126.7626,10854.48,0
2023-05-07,60547,3621601.3299999996,0,8875415.39000005,3701462.8626,10854.48,1
2023-05-08,59696,3621095.7899999996,0,8978531.140000055,3701462.8626,10854.48,0
2023-05-09,58627,3558110.400000002,0,9092393.110000055,3701462.8626,10854.48,0
2023-05-10,59019,3533648.310000001,0,9193239.340000069,3833824.0626000003,10854.48,3
2023-05-11,57985,3476006.8799999994,1,9298028.96000008,3957069.6126,11869.619999999999,3
2023-05-12,58060,3617391.3899999997,0,9387640.050000079,4090277.6226000004,11869.619999999999,3
2023-05-13,59410,3668299.0400000005,0,9424029.370000072,4139435.9826,11869.619999999999,1
2023-05-14,60760,3673092.600000002,0,9452856.340000069,4139435.9826,11869.619999999999,0
2023-05-15,59737,3613933.02,0,9560306.65000008,4263747.582599999,11869.619999999999,2
2023-05-16,60112,3647276.500000003,0,9674438.160000082,4370336.490599999,11869.619999999999,4
2023-05-17,58987,3583157.7800000003,0,9790630.460000088,4468833.642599999,11869.619999999999,4
2023-05-18,59359,3570787.3200000008,0,9893733.86000009,4469303.532599999,11869.619999999999,1
2023-05-19,62766,3651135.0500000003,0,9993944.850000098,4469303.532599999,11869.619999999999,0
2023-05-20,64125,3705922.690000001,0,10029824.7700001,4469303.532599999,11869.619999999999,0
2023-05-21,63834,3688555.1000000006,0,10061124.42000011,4469303.532599999,11869.619999999999,0
2023-05-22,62798,3630253.8,1,10166949.340000117,4647799.650599998,12085.519999999999,2
2023-05-23,61789,3572366.250000001,1,10271531.050000114,4713938.845799998,12819.579999999998,2
2023-05-24,62478,3587261.500000001,1,10384147.370000133,4827902.687399998,13510.459999999997,2
2023-05-25,61487,3528535.2600000016,3,10490288.510000145,5018125.706399998,15238.799999999997,3
2023-05-26,62525,3544152.01,2,10585525.39000014,5242681.274399999,16871.789999999997,4
2023-05-27,62217,3525191.33,3,10620080.270000145,5263667.726399998,17439.42,1
2023-05-28,63966,3579950.8700000006,3,10650762.41000015,5295779.690399998,18196.26,1
2023-05-29,65743,3618806.650000001,1,10753993.250000155,5295779.690399998,18601.26,0
2023-05-30,66030,3598675.7499999995,2,10870261.28000015,5344938.050399998,19146.84,1
2023-05-31,71163,3841722.560000001,1,10977055.730000157,5551379.666399999,19686.84,5
2023-06-01,70196,3790377.4600000004,1,11070825.410000162,5600292.434399999,20010.84,2
2023-06-02,71106,3841503.9400000004,1,11152463.350000164,5690373.110399999,20307.84,1
2023-06-03,73495,3913929.150000001,1,11184267.270000165,5690373.110399999,20469.84,0
2023-06-04,75178,3948628.1599999997,1,11211027.040000165,5690373.110399999,20631.84,0
2023-06-05,75985,3982089.3499999996,1,11304159.45000018,5690373.110399999,21063.84,0
2023-06-06,77103,4025914.889999999,0,11412440.390000189,5690373.110399999,21063.84,0
2023-06-07,79408,4028963.629999999,0,11502268.700000193,5690373.110399999,21063.84,0
2023-06-08,81204,4224839.91,0,11596995.08000021,5690373.110399999,21063.84,0
2023-06-09,80611,4246137.059999999,0,11684560.580000209,5690699.630399998,21063.84,1
2023-06-10,80301,4227770.949999998,0,11717749.310000205,5690699.630399998,21063.84,0
2023-06-11,80853,4355976.77,0,11746060.7000002,5690699.630399998,21063.84,0
2023-06-12,79923,4305590.28,1,11838194.180000206,5779920.380399998,21090.84,1
2023-06-13,79451,4339094.69,1,11936929.13000021,5779920.380399998,21441.84,0
2023-06-14,80116,4308017.39,1,12029499.340000222,5780390.270399998,21961.14,1
2023-06-15,79291,4259080.9399999995,1,12117725.85000022,5780390.270399998,22826.64,0
2023-06-16,78730,4273366.260000001,1,12203625.310000235,5780390.270399998,23692.14,0
2023-06-17,79798,4307020.050000003,0,12235064.320000237,5780390.270399998,23692.14,0
2023-06-18,79533,4291883.050000004,0,12262533.210000236,5798069.150399998,23692.14,1
2023-06-19,78654,4241135.43,0,12354377.110000243,5830067.030399998,23692.14,1
2023-06-20,77680,4186637.099999999,0,12453320.650000248,5950727.900399998,23692.14,2
2023-06-21,76806,4133761.7499999995,0,12548605.510000255,6091244.360399998,23692.14,2
2023-06-22,75910,4086897.0599999987,0,12634155.580000257,6091714.250399997,23692.14,1
2023-06-23,75404,4138783.4600000004,0,12709799.260000272,6203833.610399997,23692.14,3
2023-06-24,75076,4120561.8600000017,0,12743048.220000273,6214921.610399997,23692.14,1
2023-06-25,74818,4105745.329999998,0,12769986.09000027,6214921.610399997,23692.14,0
2023-06-26,74094,4134432.7300000004,0,12869630.44000028,6214921.610399997,23692.14,0
2023-06-27,73459,4185483.769999999,0,12966388.200000292,6235664.810399997,23692.14,1
2023-06-28,72574,4164515.830000001,1,13062888.870000297,6319084.370399997,23692.14,3
2023-06-29,71591,4108601.3300000015,1,13164947.310000312,6319432.598399997,23747.899999999998,1
2023-06-30,70720,4062886.3200000008,1,13248337.360000316,6319432.598399997,23747.899999999998,0
2023-07-01,70708,4106873.749999999,1,13280083.030000322,6386897.678399997,23747.899999999998,1
2023-07-02,70492,4093577.6999999997,0,13304945.080000322,6386897.678399997,23747.899999999998,0
2023-07-03,69599,4042573.6799999992,0,13397816.340000322,6408320.918399997,23747.899999999998,1
2023-07-04,68687,3991580.879999997,0,13490618.180000324,6489928.628399997,23747.899999999998,1
2023-07-05,67805,3940502.2800000003,0,13584165.92000033,6489928.628399997,23747.899999999998,0
2023-07-06,66942,3891627.129999999,0,13672685.610000337,6664969.568399997,23747.899999999998,2
2023-07-07,66057,3844369.9,1,13759184.630000342,6741716.960399997,23819.98,2
2023-07-08,69361,3854916.0799999996,1,13792491.32000034,6741716.960399997,23883.05,0
2023-07-09,69117,3839931.300000001,1,13819445.250000337,6741716.960399997,23928.1,0
2023-07-10,71827,3811158.780000001,2,13905927.65000034,6881273.810399997,24194.41,2
2023-07-11,71234,3826703.8800000013,2,14003633.810000338,6933034.853399997,24581.66,3
2023-07-12,72052,3939314.790000003,2,14094724.280000335,6952846.013399996,25076.94,2
2023-07-13,74829,3936051.740000001,3,14187080.000000335,7002104.291399996,26031.350000000002,3
2023-07-14,74357,3996669.7699999996,3,14265930.150000341,7062651.143399996,26717.360000000004,2
2023-07-15,74053,3980057.9099999997,4,14296248.540000334,7102071.8633999955,27029.510000000002,1
2023-07-16,74119,4048614.839999998,4,14323266.000000335,7102071.8633999955,27185.02,0
2023-07-17,76833,4018262.64,3,14415015.57000034,7127781.623399995,27802.46,1
2023-07-18,75966,3969103.7800000007,3,14504644.940000338,7210296.791399996,28259.079999999998,3
2023-07-19,78101,4021580.189999999,2,14601510.310000334,7263151.955399996,28661.469999999998,2
2023-07-20,77169,3969492.8099999987,2,14697337.320000345,7330182.047399995,29073.379999999997,2
2023-07-21,79988,3934219.3800000018,1,14781076.240000354,7359683.759399995,29483.929999999997,1
2023-07-22,79996,4009798.930000003,1,14813589.040000351,7379502.839399995,29662.429999999997,1
2023-07-23,83323,4015629.6,0,14841658.640000353,7379502.839399995,29662.429999999997,0
2023-07-24,83954,3992437.0500000003,0,14938881.520000366,7379502.839399995,29662.429999999997,0
2023-07-25,86259,4004041.0099999984,0,15034038.290000373,7400555.639399995,29662.429999999997,1
2023-07-26,88576,4004828.2599999974,0,15127701.850000385,7400555.639399995,29662.429999999997,0
2023-07-27,87665,3992242.0199999996,0,15222059.550000392,7481081.879399995,29662.429999999997,2
2023-07-28,89598,4061995.5100000007,0,15310303.310000407,7481081.879399995,29662.429999999997,0
2023-07-29,89361,4073633.689999999,0,15342050.010000408,7481081.879399995,29662.429999999997,0
2023-07-30,89096,4059623.7399999993,0,15367505.910000417,7492169.879399995,29662.429999999997,1
2023-07-31,88195,4006100.140000002,0,15464345.870000418,7492169.879399995,29662.429999999997,0
2023-08-01,88279,3946014.130000001,1,15651766.350000428,7591900.175399996,29662.429999999997,4
2023-08-02,88510,3914501.34,1,15807647.090000423,7742557.943399996,30063.709999999995,4
2023-08-03,94559,3852583.070000001,2,15990173.860000426,7742557.943399996,30639.609999999997,0
2023-08-04,93478,3758488.5700000017,2,16152582.580000421,7763028.834599996,31425.429999999997,2
2023-08-05,96679,3743378.5699999994,2,16215158.680000415,7763028.834599996,31670.649999999998,0
2023-08-06,97691,3762258.980000003,2,16265131.270000417,7763028.834599996,31941.879999999997,0
2023-08-07,103768,3716925.5000000023,3,16428950.460000413,7763825.244599995,33292.479999999996,2
2023-08-08,104167,3672109.8899999973,3,16622160.61000042,7802615.262599994,35717.159999999996,2
2023-08-09,104975,3611554.92,4,16794855.270000428,8015825.010599994,39190.73999999999,3
2023-08-10,103832,3519910.6999999997,5,16954021.90000043,8170484.428199994,44837.01999999999,3
2023-08-11,102765,3430253.7,6,17109698.66000046,8396503.450199993,53349.55999999998,6
2023-08-12,103746,3454452.449999998,5,17156619.430000454,8396503.450199993,53961.87999999998,0
2023-08-13,103472,3453672.7300000014,4,17207055.690000445,8482494.922199992,53961.87999999998,1
2023-08-14,102267,3353421.949999999,6,17380560.79000046,8572575.598199993,58945.66999999998,1
2023-08-15,101280,3343726.5500000007,4,17545189.230000466,9039414.016199993,61680.70999999998,6
2023-08-16,100093,3248459.3800000004,4,17711335.56000046,9086524.738199994,63581.64999999998,2
2023-08-17,99441,3296756.4600000004,5,17869335.810000457,9168132.448199995,67739.11999999997,1
2023-08-18,98822,3280976.9,6,18013447.700000465,9269684.014199995,68465.90999999995,2
2023-08-19,98950,3347148.509999999,6,18068463.37000045,9351291.724199995,69511.29999999993,1
2023-08-20,99244,3487454.269999998,6,18112558.230000447,9351291.724199995,70592.72999999992,0
2023-08-21,98443,3494060.6700000004,9,18264670.840000447,9351291.724199995,75410.30999999992,0
2023-08-22,97757,3508546.3,7,18421940.42000043,9430296.029399995,83398.22999999992,2
2023-08-23,100437,3506273.289999999,5,18592780.750000443,9430296.029399995,88970.0399999999,0
2023-08-24,100479,3658010.3899999973,4,18738987.450000472,9430296.029399995,96613.16999999991,0
2023-08-25,99428,3574025.0299999993,5,18885516.46000049,9497761.109399995,106473.3699999999,1
2023-08-26,99884,3739042.6799999997,3,18933691.390000477,9497761.109399995,108659.11999999988,0
2023-08-27,99526,3713883.080000001,3,18978121.730000474,9497761.109399995,111673.21999999988,0
2023-08-28,98956,3800880.89,2,19135756.650000513,9521754.389399994,112859.48999999987,1
2023-08-29,98916,3865894.1100000003,1,19299896.870000534,9604207.325399995,114388.01999999987,3
2023-08-30,97823,3799956.279999999,0,19455916.18000056,9734483.435399994,114388.01999999987,3
2023-08-31,96544,3712155.910000001,0,19610922.71000057,9965089.019399995,114388.01999999987,5
2023-09-01,95953,3711649.280000001,0,19758883.650000583,10054309.769399995,114388.01999999987,1
2023-09-02,95540,3682816.69,0,19809646.000000592,10169802.953399993,114388.01999999987,2
2023-09-03,95185,3656311.5099999993,0,19855939.44000057,10169802.953399993,114388.01999999987,0
2023-09-04,94252,3625884.630000001,0,20015993.02000058,10257485.063399993,114388.01999999987,2
2023-09-05,93659,3710337.1100000017,1,20171760.190000575,10278908.303399993,115612.65999999987,1
2023-09-06,92658,3695556.2200000007,1,20343952.390000574,10394425.067399994,115612.65999999987,5
2023-09-07,91427,3631592.550000001,1,20506895.540000573,10394425.067399994,115612.65999999987,0
2023-09-08,90302,3574011.76,3,20659242.8000006,10565542.724999994,120889.91999999987,4
2023-09-09,90197,3605350.3300000015,2,20711769.010000598,10565542.724999994,122444.89999999986,0
2023-09-10,89877,3582811.239999999,2,20752351.0100006,10664164.940999994,125443.33999999987,1
2023-09-11,88720,3553630.5500000017,4,20899195.44000062,10919350.544999996,128291.12999999987,4
2023-09-12,87387,3466553.559999999,5,21053927.900000624,10920495.182999996,133008.63999999987,3
2023-09-13,86803,3475334.680000001,6,21197917.96000065,11006238.134999998,144639.17999999988,3
2023-09-14,85660,3422521.19,7,21342307.770000666,11027290.934999999,156671.58999999988,1
2023-09-15,85077,3424427.2800000007,6,21488022.780000664,11082502.406999998,170304.01999999987,2
2023-09-16,85595,3600757.2200000025,3,21530864.220000654,11149967.486999998,172983.35999999987,1
2023-09-17,85330,3598144.08,3,21572631.480000626,11179469.198999997,174652.08999999985,1
2023-09-18,85071,3741933.71,2,21710008.73000065,11238440.534999996,178395.77999999985,2
2023-09-19,84160,3756554.330000001,1,21862309.240000676,11270908.304999998,179301.95999999985,2
2023-09-20,82925,3678523.499999998,1,22001790.470000684,11298721.904999997,179301.95999999985,1
2023-09-21,82372,3740109.8099999987,1,22142218.87000069,11338142.624999998,180208.13999999984,1
2023-09-22,81855,3795307.6199999996,1,22269222.090000696,11397051.374999998,181114.31999999983,1
2023-09-23,82365,3963637.7299999986,1,22313447.3700007,11397051.374999998,181567.40999999983,0
2023-09-24,82173,3983484.960000001,1,22352576.150000706,11397051.374999998,181567.40999999983,0
2023-09-25,81073,3948739.5999999978,0,22503243.85000075,11397051.374999998,181567.40999999983,0
2023-09-26,79759,3869972.240000001,0,22644735.720000755,11416536.014999999,181567.40999999983,1
2023-09-27,78541,3792497.839999999,1,22781940.550000753,11437279.214999998,182915.39999999982,1
2023-09-28,81318,3797279.6499999994,1,22913945.910000782,11437279.214999998,183685.67999999982,0
2023-09-29,80303,3729181.6899999976,1,23034661.770000793,11518886.924999999,184263.3899999998,1
2023-09-30,79896,3703242.129999998,1,23080808.690000787,11518886.924999999,184263.3899999998,0
2023-10-01,79563,3683625.8599999994,1,23116247.320000775,11552620.86,184648.52999999982,1
2023-10-02,78764,3652605.94,1,23237809.180000808,11552996.195999999,184648.52999999982,1
2023-10-03,77545,3579663.8799999976,2,23369488.910000827,11702211.552,184648.52999999982,5
2023-10-04,76747,3612937.3999999994,2,23490908.100000855,11723872.751999998,184648.52999999982,3
2023-10-05,75689,3575884.8200000003,1,23614104.290000856,11819368.511999998,184648.52999999982,2
2023-10-06,75980,3541932.9400000013,1,23731484.870000858,11843361.791999998,184648.52999999982,1
2023-10-07,75909,3601461.9800000014,1,23775524.020000864,11944538.021999998,184648.52999999982,1
2023-10-08,77191,3612980.9900000007,1,23812703.040000856,12049387.824,184648.52999999982,2
2023-10-09,86828,3624552.49,1,23931957.69000086,12188944.673999999,184648.52999999982,2
2023-10-10,88354,3643632.0899999985,1,24064646.350000873,12188944.673999999,184760.0499999998,0
2023-10-11,90405,3624443.9399999995,1,24189965.95000089,12189789.899999999,184760.0499999998,2
2023-10-12,89533,3661664.889999999,1,24310612.23000089,12310034.579999998,184760.0499999998,3
2023-10-13,88557,3603258.6199999987,0,24416683.780000895,12310034.579999998,184760.0499999998,0
2023-10-14,88154,3580082.280000002,0,24458763.140000895,12310034.579999998,184760.0499999998,0
2023-10-15,91412,3580268.98,0,24494573.280000865,12310034.579999998,184760.0499999998,0
2023-10-16,91540,3587382.930000002,0,24615603.620000888,12356050.517999997,184760.0499999998,2
2023-10-17,95517,3559027.3999999985,0,24742322.840000898,12463008.317999996,184760.0499999998,2
2023-10-18,94379,3492222.9399999995,0,24862786.450000905,12463008.317999996,184760.0499999998,0
2023-10-19,94524,3480766.359999999,1,24989999.16000092,12571715.717999997,185259.7899999998,3
2023-10-20,93431,3418665.55,1,25102603.250000935,12639180.797999997,188258.2299999998,1
2023-10-21,93357,3464847.360000001,1,25143828.180000927,12639180.797999997,189757.4499999998,0
2023-10-22,94646,3470145.5900000012,1,25179123.440000888,12639180.797999997,190257.1899999998,0
2023-10-23,95183,3451198.2500000005,2,25294337.2200009,12639650.687999997,193644.2499999998,1
2023-10-24,94323,3469600.7100000004,1,25428638.740000904,12639650.687999997,194507.8499999998,0
2023-10-25,93219,3430452.0200000023,2,25556409.38000092,12639977.207999997,195317.5699999998,1
2023-10-26,95169,3469555.7800000003,0,25675109.550000913,12663970.487999996,195317.5699999998,1
2023-10-27,94413,3477130.520000001,0,25786426.91000094,12745578.197999997,195317.5699999998,1
2023-10-28,94032,3455142.4699999983,0,25826301.95000095,12745578.197999997,195317.5699999998,0
2023-10-29,95125,3538443.9099999997,0,25861519.920000937,12745578.197999997,195317.5699999998,0
2023-10-30,93866,3464633.8499999987,1,25994772.410000954,12951687.827999998,195750.3199999998,3
2023-10-31,92947,3475373.500000002,1,26125887.660000954,12951687.827999998,196702.3699999998,0
2023-11-01,91625,3410332.990000001,1,26280435.670000967,12952362.575999998,198173.7199999998,2
2023-11-02,90313,3354802.4200000004,1,26424095.24000098,13071145.085999997,199385.4199999998,2
2023-11-03,89048,3273999.75,2,26568111.260000963,13275628.737599997,200651.11999999982,4
2023-11-04,90219,3265370.1199999996,1,26619045.090000954,13325135.325599996,201256.96999999983,2
2023-11-05,89810,3238496.260000002,1,26666933.38000095,13434067.425599996,201430.06999999983,2
2023-11-06,88470,3148564.599999999,1,26827200.62000096,13721482.773599997,203247.61999999982,3
2023-11-07,86985,3059319.1899999985,1,26986942.15000096,13805101.179599997,204026.56999999983,3
2023-11-08,87884,3129240.5400000005,1,27149739.940000962,13883805.832799997,205497.91999999984,4
2023-11-09,88462,3156425.2900000005,1,27306797.54000096,14005263.664799998,206276.86999999985,3
2023-11-10,88667,3124555.200000003,0,27454548.370000962,14096734.984799998,206276.86999999985,2
2023-11-11,88205,3098210.430000002,0,27503145.12000095,14135055.112799998,206276.86999999985,1
2023-11-12,89176,3120727.9999999986,0,27548179.920000937,14135055.112799998,206276.86999999985,0
2023-11-13,88465,3139655.129999999,0,27698222.87000096,14296973.4378,206276.86999999985,3
2023-11-14,87498,3117147.3599999985,0,27847182.400000967,14507142.523799999,206276.86999999985,3
2023-11-15,88589,3154592.1299999994,1,28004781.13000096,14660442.9978,207276.34999999986,3
2023-11-16,87596,3165038.0399999996,0,28153523.430000965,14899802.593799999,207276.34999999986,5
2023-11-17,88058,3236758.46,0,28291302.240000974,15340953.6438,207276.34999999986,5
2023-11-18,87988,3255630.2100000014,0,28342598.03000096,15431034.3198,207276.34999999986,1
2023-11-19,90577,3293704.7499999995,0,28388198.200000957,15489134.3694,207276.34999999986,2
2023-11-20,90088,3383864.4499999997,0,28532388.810000975,15489134.3694,207276.34999999986,0
2023-11-21,90328,3426016.640000002,1,28686185.570000995,15509605.260599999,207352.00999999986,2
2023-11-22,89303,3400175.080000001,4,28853356.92000102,15638723.940599998,208554.58999999985,3
2023-11-23,91679,3569424.769999999,5,29012019.290001035,15638723.940599998,212540.43999999983,0
2023-11-24,88575,3368613.6700000004,9,29371339.510001056,15801810.174599998,224696.32999999984,3
2023-11-25,88093,3416116.0200000005,10,29485169.70000106,15822862.974599998,234661.5699999999,1
2023-11-26,87317,3370474.6200000006,9,29568409.770001065,15822862.974599998,242839.5399999999,0
2023-11-27,85681,3354312.4299999983,13,30019790.130001064,15865665.534599999,287263.39999999997,3
2023-11-28,85135,3219139.5500000007,13,30338348.660001073,16216887.0006,327749.1400000001,6
2023-11-29,86429,3383440.37,9,30489702.260001075,16275510.3006,343910.2800000001,3
2023-11-30,87280,3436239.2799999993,7,30631069.070001088,16360875.8046,356768.0600000002,1
2023-12-01,86625,3465119.3899999983,7,30754073.580001093,16550718.2406,364338.84000000014,2
2023-12-02,86528,3523936.1999999997,7,30798653.57000109,16550718.2406,366854.60000000015,0
2023-12-03,88014,3638787.1199999987,5,30838838.7700011,16580219.952599999,369878.5600000001,1
2023-12-04,86785,3562585.920000002,5,30974989.1300011,16580689.8426,381284.1900000001,1
2023-12-05,87279,3614577.850000001,6,31142973.62000112,16581038.0706,387158.65000000014,1
2023-12-06,86693,3763673.4600000023,6,31298703.040001124,16609636.4082,393033.11000000016,1
2023-12-07,87174,3823226.8800000018,6,31431793.29000113,16711942.648199998,398082.5900000002,3
2023-12-08,86711,3913320.000000001,3,31560374.05000112,16802023.324199997,401922.5300000002,1
2023-12-09,86336,3925235.64,2,31608716.200001113,16802023.324199997,402922.0100000002,0
2023-12-10,86035,3931996.49,2,31649796.130001105,16802023.324199997,403421.7500000002,0
2023-12-11,85253,3942778.6099999994,2,31783769.640001126,16866343.036199994,408994.9700000002,2
2023-12-12,83847,3856395.0400000014,2,31939578.070001125,16905133.054199994,411070.01000000024,2
2023-12-13,82442,3776612.2399999993,2,32084192.610001106,17091642.42539999,412569.2300000002,4
2023-12-14,81712,3823635.880000002,2,32220750.790001117,17091642.42539999,412569.2300000002,0
2023-12-15,80962,3857228.230000001,2,32345867.020001113,17113065.665399987,412569.2300000002,1
2023-12-16,81132,3940079.7100000004,1,32396884.980001107,17217697.073399987,412569.2300000002,1
2023-12-17,80755,3916368.9400000004,1,32439274.920001082,17218045.301399987,412569.2300000002,1
2023-12-18,79728,3876661.2,1,32594106.870001093,17246818.661399987,412569.2300000002,1
2023-12-19,78920,3896372.7599999993,0,32744813.770001102,17268241.901399985,412569.2300000002,1
2023-12-20,77862,3884536.550000002,2,32900421.92000112,17287726.541399986,413078.7400000002,1
2023-12-21,77347,3976088.4799999986,1,33036855.580001127,17315915.477399986,413078.7400000002,2
2023-12-22,76150,3904571.7599999984,1,33165454.13000114,17421274.03739999,414097.76000000024,3
2023-12-23,75698,3876188.75,2,33215996.35000115,17421274.03739999,414607.27000000025,0
2023-12-24,75805,3939588.449999999,1,33259776.880001146,17561790.49739999,415116.78000000026,2
2023-12-25,74637,3908918.74,2,33400350.270001158,17562165.83339999,415176.70000000024,1
2023-12-26,74098,3874761.0000000005,2,33461456.11000115,17562165.83339999,415341.4800000003,0
2023-12-27,73608,3839906.5799999987,1,33524445.320001137,17562165.83339999,415521.2400000003,0
2023-12-28,73136,3807661.649999999,1,33581579.21000115,17601586.553399988,415671.04000000027,1
2023-12-29,73042,3817996.4,1,33629084.890001126,17625579.83339999,415865.78000000026,1
2023-12-30,76853,3931539.02,0,33645735.62000112,17625579.83339999,415865.78000000026,0
2023-12-31,76719,3924189.1500000027,0,33659147.41000111,17625579.83339999,415865.78000000026,0
2024-01-01,76451,3926911.2800000017,0,33691960.14000112,17625579.83339999,415865.78000000026,0
2024-01-02,76217,3929648.289999999,0,33725643.430001035,17625579.83339999,415865.78000000026,0
2024-01-03,75974,3939541.53,0,33758834.59000103,17625579.83339999,415865.78000000026,0
2024-01-04,79281,3953163.3099999987,0,33786912.72000103,17625579.83339999,415865.78000000026,0
2024-01-05,79015,3940737.28,0,33809948.570001,17625579.83339999,415865.78000000026,0
2024-01-06,82247,3947933.8099999996,0,33845389.31000104,17625579.83339999,415865.78000000026,0
2024-01-07,82275,3994910.7499999995,0,33871207.15000105,17625579.83339999,415865.78000000026,0
2024-01-08,84847,3958851.2400000026,0,33973885.62000103,17625579.83339999,415865.78000000026,0
2024-01-09,84227,4005845.5700000008,0,34071297.61000097,17636667.83339999,415865.78000000026,1
2024-01-10,83215,3953040.8999999985,0,34167776.780000985,17668665.713399988,415865.78000000026,1
2024-01-11,82159,3897656.5899999985,0,34269149.81000097,17668665.713399988,415865.78000000026,0
2024-01-12,81270,3849575.6700000004,0,34357239.25000091,17721406.793399986,415865.78000000026,2
2024-01-13,81025,3855391.669999999,0,34389370.18000089,17721406.793399986,415865.78000000026,0
2024-01-14,80739,3839002.600000002,0,34419089.370000884,17721406.793399986,415865.78000000026,0
2024-01-15,79754,3786526.310000001,0,34515323.89000087,17788871.873399984,415865.78000000026,1
2024-01-16,78707,3730045.5099999993,0,34618127.430000864,17788871.873399984,415865.78000000026,0
2024-01-17,77669,3677059.589999999,0,34715328.29000085,17847467.873399984,415865.78000000026,1
2024-01-18,76583,3616372.09,0,34825547.71000083,18003638.531399984,415865.78000000026,4
2024-01-19,75635,3567723.440000002,1,34915352.78000077,18003638.531399984,415964.89000000025,0
2024-01-20,75314,3548638.9600000014,1,34949865.08000077,18003638.531399984,416009.94000000024,0
2024-01-21,75015,3532594.0599999996,1,34979337.43000078,18071103.611399982,416054.9900000002,1
2024-01-22,74302,3545868.9200000004,1,35081196.72000076,18071103.611399982,416307.27000000025,0
2024-01-23,73250,3487529.9100000006,1,35188000.71000073,18071103.611399982,416541.53000000026,0
2024-01-24,72681,3568868.3300000024,1,35286940.530000724,18149378.70899998,416811.83000000025,3
2024-01-25,71706,3511626.850000001,1,35391206.13000068,18149378.70899998,417082.13000000024,0
2024-01-26,70850,3461626.089999999,1,35481963.600000665,18149848.59899998,417280.3500000002,1
2024-01-27,70808,3511255.549999999,2,35517010.80000066,18149848.59899998,417441.6800000002,0
2024-01-28,70885,3525351.5100000007,2,35543348.42000065,18149848.59899998,417567.31000000023,0
2024-01-29,69941,3473751.6800000016,2,35637576.030000634,18204168.27899998,418327.8900000002,1
2024-01-30,68930,3416942.7300000004,3,35741032.62000063,18204168.27899998,419026.5900000002,0
2024-01-31,68201,3419448.920000001,3,35847566.40000061,18204168.27899998,420433.53000000014,0
2024-02-01,70897,3434869.6499999994,2,35955987.63000062,18204638.16899998,420523.6300000001,1
2024-02-02,73603,3424877.5799999996,0,36051373.95000059,18204638.16899998,420523.6300000001,0
2024-02-03,73243,3403637.86,0,36089752.82000055,18204638.16899998,420523.6300000001,0
2024-02-04,72967,3385929.619999999,0,36121473.45000053,18204638.16899998,420523.6300000001,0
2024-02-05,71953,3358874.4399999976,0,36228383.360000506,18204638.16899998,420523.6300000001,0
2024-02-06,70873,3299124.3199999984,0,36337478.42000048,18204638.16899998,420523.6300000001,0
2024-02-07,69772,3239355.7399999993,0,36446716.73000047,18263234.16899998,420523.6300000001,1
2024-02-08,68708,3179526.2800000007,0,36555768.5200005,18342238.47419998,420523.6300000001,2
2024-02-09,67777,3126382.520000001,0,36653268.48000046,18505323.93419998,420523.6300000001,2
2024-02-10,67428,3106931.84,0,36688661.27000045,18551367.574199982,420523.6300000001,1
2024-02-11,67119,3089831.5200000023,0,36719830.17000045,18583479.538199984,420523.6300000001,1
2024-02-12,66066,3033019.910000001,0,36823338.32000045,18629816.938199982,420523.6300000001,1
2024-02-13,65056,2971590.210000001,0,36935372.450000435,18715452.262199987,420523.6300000001,3
2024-02-14,65279,2951997.030000001,0,37052116.2700004,18940490.590199985,420523.6300000001,7
2024-02-15,65595,3019733.290000002,0,37160529.8700004,19075400.755199984,420523.6300000001,2
2024-02-16,66279,3001870.6700000004,1,37251969.200000376,19422281.065199986,420628.4900000001,6
2024-02-17,66238,2999739.0099999993,1,37291755.60000035,19441765.705199987,420733.3500000001,1
2024-02-18,69567,3000923.9699999993,0,37321861.80000036,19475499.640199985,420733.3500000001,1
2024-02-19,68478,2937289.090000001,0,37437396.040000364,19619766.184199985,420733.3500000001,3
2024-02-20,69633,3055338.000000001,0,37545152.680000365,19748191.360199984,420733.3500000001,4
2024-02-21,71569,3169595.5400000014,0,37651006.40000036,20017249.606199984,420733.3500000001,4
2024-02-22,71865,3167732.970000001,0,37760823.93000034,20017249.606199984,420733.3500000001,0
2024-02-23,71203,3219290.890000001,0,37855802.42000032,20118603.808199987,420733.3500000001,4
2024-02-24,72463,3228882.050000003,0,37892061.55000028,20118603.808199987,420733.3500000001,0
2024-02-25,75435,3338138.79,0,37923157.43000028,20282651.794199985,420733.3500000001,3
2024-02-26,77626,3385126.3800000004,0,38037671.570000306,20392018.144199982,420733.3500000001,3
2024-02-27,79796,3558024.0899999985,0,38154117.2200003,20434167.394199982,420733.3500000001,2
2024-02-28,78874,3526099.7099999995,0,38264606.94000024,20584517.90219998,420733.3500000001,3
2024-02-29,78297,3550309.3600000003,0,38373329.97000022,20688729.91019998,420733.3500000001,3
2024-03-01,78879,3513509.0700000003,0,38477913.360000215,20866791.124199983,420733.3500000001,3
2024-03-02,80947,3718112.500000002,0,38516473.95000018,20888214.36419998,420733.3500000001,1
2024-03-03,83580,3766290.4700000016,0,38548028.470000185,20888214.36419998,420733.3500000001,0
2024-03-04,86089,3729712.7799999984,1,38662648.37000016,20888562.59219998,421337.1000000001,1
2024-03-05,84927,3662393.6799999992,1,38784312.42000014,20888562.59219998,421747.6500000001,0
2024-03-06,86004,3709647.8099999996,2,38902663.120000154,20889264.44819998,422323.54000000004,2
2024-03-07,87864,3838210.9199999995,3,39020658.430000134,21000811.31819998,423787.42000000004,2
2024-03-08,90356,3805270.520000001,3,39133412.280000135,21065151.52619998,425726.96,2
2024-03-09,93279,3873133.4499999997,3,39174802.7600001,21065151.52619998,425844.0,0
2024-03-10,94357,3902947.6500000004,3,39202954.470000096,21065151.52619998,427010.68,0
2024-03-11,98486,3894692.9299999974,2,39311948.01000009,21065151.52619998,428010.16,0
2024-03-12,97533,3922950.750000001,0,39432559.36000009,21086204.326199982,428010.16,1
2024-03-13,96389,3885188.0999999987,1,39540781.33000009,21086204.326199982,428545.66,0
2024-03-14,98605,3958851.709999999,3,39653276.05000004,21135362.68619998,429793.95999999996,1
2024-03-15,97558,3904133.850000001,5,39753883.88000002,21135362.68619998,432035.56999999995,0
2024-03-16,99059,4031471.099999998,4,39788705.08,21135362.68619998,432596.20999999996,0
2024-03-17,98837,4035358.2400000016,4,39819672.259999946,21135362.68619998,432793.04,0
2024-03-18,98072,4011513.0399999996,3,39930726.32999995,21239588.986199982,433735.06999999995,2
2024-03-19,100500,3950939.8800000013,2,40059987.29999997,21239588.986199982,434899.36999999994,0
2024-03-20,104238,3950827.6500000013,2,40186382.33999998,21269090.698199984,435115.36999999994,1
2024-03-21,105163,3989967.2699999996,1,40302665.91999999,21269560.588199984,435331.36999999994,1
2024-03-22,104123,3935263.8200000003,1,40402990.71,21337025.668199982,435466.36999999994,1
2024-03-23,105075,3966763.699999999,1,40439339.61,21337025.668199982,435547.36999999994,0
2024-03-24,104814,3988492.7199999997,1,40471281.239999995,21337025.668199982,435655.36999999994,0
2024-03-25,103602,3925705.059999998,1,40587183.51999999,21337025.668199982,435952.36999999994,0
2024-03-26,104045,3907572.93,0,40709657.839999996,21368010.760199983,435952.36999999994,1
2024-03-27,102750,3840754.830000002,0,40832778.73000001,21368010.760199983,435952.36999999994,0
2024-03-28,101940,3870077.18,0,40943292.86000001,21368010.760199983,435952.36999999994,0
2024-03-29,100934,3816162.829999999,1,41042141.560000025,21449618.470199984,436008.12999999995,1
2024-03-30,100547,3797536.6199999987,1,41076903.70999997,21449618.470199984,436008.12999999995,0
2024-03-31,100218,3782236.119999998,1,41105519.189999945,21535609.942199983,436008.12999999995,1
2024-04-01,98944,3706884.4600000014,1,41241259.199999966,21535609.942199983,436063.88999999996,0
2024-04-02,98193,3736024.0000000014,1,41373451.25999997,21586594.942199983,436119.64999999997,2
2024-04-03,98596,3696761.110000001,1,41499658.879999995,21790466.50019998,436119.64999999997,4
2024-04-04,97586,3710223.8400000003,0,41628711.67999996,21857931.58019998,436119.64999999997,1
2024-04-05,96467,3644454.6999999997,0,41747597.74999997,21976001.02019998,436119.64999999997,2
2024-04-06,96047,3619652.07,0,41792227.77999995,21976001.02019998,436119.64999999997,0
2024-04-07,97324,3628122.1399999997,0,41830087.0799999,21976001.02019998,436119.64999999997,0
2024-04-08,96119,3556611.2299999995,0,41959349.26999992,21999994.30019998,436119.64999999997,1
2024-04-09,95166,3552049.8699999996,0,42092501.39999992,22049152.66019998,436119.64999999997,1
2024-04-10,93852,3477254.3200000008,0,42228613.17999987,22260602.269199982,436119.64999999997,3
2024-04-11,94008,3463185.589999999,0,42359289.65999987,22260602.269199982,436119.64999999997,0
2024-04-12,92890,3398302.100000001,0,42476649.799999855,22338757.873199984,436119.64999999997,2
2024-04-13,92506,3374477.849999999,1,42519359.589999855,22486574.935199983,436119.64999999997,2
2024-04-14,92160,3353982.8800000018,1,42556218.26999984,22571940.439199984,436119.64999999997,1
2024-04-15,92042,3357099.16,1,42686793.5499998,22626260.119199984,437478.92,1
2024-04-16,92807,3470489.5900000012,1,42827601.7299998,22722815.55719998,437478.92,4
2024-04-17,93000,3507919.1400000025,1,42960110.19999977,22902246.235199984,437932.01,4
2024-04-18,94047,3667939.1599999997,0,43109580.79999974,23111271.326399986,437932.01,5
2024-04-19,94236,3631365.5900000017,0,43233306.9599997,23319041.906399984,437932.01,4
2024-04-20,94178,3693595.8300000015,0,43274892.239999704,23319041.906399984,437932.01,0
2024-04-21,95391,3693068.68,0,43314076.2899997,23338860.986399982,437932.01,1
2024-04-22,94009,3613755.1800000025,0,43458722.05999972,23360195.66639998,437932.01,2
2024-04-23,93511,3742372.34,0,43600694.419999726,23390605.65839998,437932.01,1
2024-04-24,92922,3814663.469999999,0,43744376.35999973,23510162.24399998,437932.01,3
2024-04-25,91594,3741056.8999999976,1,43879289.16999974,23510162.24399998,437932.01,0
2024-04-26,90772,3749004.100000002,0,44000403.63999976,23549157.11999998,437932.01,3
2024-04-27,92773,3860991.320000001,0,44045216.65999975,23647779.335999977,437932.01,1
2024-04-28,94017,3861004.130000002,0,44082866.859999724,23647779.335999977,437932.01,0
2024-04-29,93185,3866084.959999997,0,44224240.23999974,23925491.685599975,437932.01,4
2024-04-30,91807,3814513.9399999976,0,44370645.37999974,23925491.685599975,437932.01,0
2024-05-01,90363,3732736.110000001,0,44520301.97999976,24007425.915599976,437932.01,2
2024-05-02,89410,3706602.279999998,1,44662576.16999974,24198682.821599975,438537.29000000004,2
2024-05-03,88486,3692185.7000000007,3,44799025.06999972,24228184.533599976,440104.49000000005,1
2024-05-04,89466,3748409.9199999995,4,44843160.76999971,24256782.871199977,441754.31000000006,1
2024-05-05,89085,3726854.209999999,4,44882293.19999971,24289250.641199976,442455.3900000001,2
2024-05-06,89096,3699848.440000001,2,45014275.83999973,24289250.641199976,444339.5900000001,0
2024-05-07,87799,3623456.2599999993,3,45152539.01999975,24289250.641199976,446683.5400000001,0
2024-05-08,86992,3593522.859999999,3,45289599.90999978,24310673.881199975,449408.0000000001,1
2024-05-09,86602,3712364.680000001,3,45421274.969999745,24331144.772399973,451311.3500000001,2
2024-05-10,85893,3761919.029999999,4,45538997.68999979,24420365.522399973,452570.0800000001,1
2024-05-11,85501,3738342.6699999995,4,45581236.09999975,24487830.60239997,453310.55000000005,1
2024-05-12,86071,3872850.61,4,45618221.44999974,24487830.60239997,453996.6400000001,0
2024-05-13,84884,3800449.7399999998,5,45748367.37999978,24516979.29839997,456277.69000000006,2
2024-05-14,84984,3960801.1599999988,5,45884276.31999979,24516979.29839997,458137.35000000003,0
2024-05-15,84451,4046872.049999999,5,46013649.77999977,24516979.29839997,460109.55000000005,0
2024-05-16,84832,4005875.390000001,3,46146011.16999975,24516979.29839997,461170.61000000004,0
2024-05-17,83685,3943049.460000003,3,46260330.39999975,24516979.29839997,462799.42000000004,0
2024-05-18,83691,3960336.470000002,3,46303615.65999971,24537074.85359997,463226.62000000005,1
2024-05-19,84699,3989950.659999998,2,46342911.489999704,24537074.85359997,463334.62000000005,0
2024-05-20,83378,3915981.270000001,2,46478063.0499997,24537074.85359997,463604.62000000005,0
2024-05-21,82444,3875155.330000001,2,46617826.24999968,24655068.96359997,467723.80000000005,2
2024-05-22,81191,3828309.010000001,2,46754060.01999965,24738890.35559997,469709.02,2
2024-05-23,81555,3770132.440000001,1,46893347.509999625,24762883.63559997,472207.72000000003,1
2024-05-24,81023,3818466.190000001,0,47011354.42999964,24763231.86359997,472207.72000000003,1
2024-05-25,80621,3792145.610000001,0,47058453.5199996,24939304.01159997,472207.72000000003,2
2024-05-26,80274,3770456.4,0,47097205.33999959,24939304.01159997,472207.72000000003,0
2024-05-27,78983,3696782.77,0,47230206.749999546,25082255.547599968,472207.72000000003,2
2024-05-28,77641,3614363.600000002,0,47377748.1699995,25183216.059599966,472207.72000000003,2
2024-05-29,76273,3539101.299999998,0,47515188.17999948,25222636.779599965,472207.72000000003,1
2024-05-30,75036,3465318.2999999984,0,47648589.28999946,25343855.409599964,472207.72000000003,2
2024-05-31,73853,3398611.9799999986,1,47768973.76999946,25383746.019599963,473706.94,2
2024-06-01,73459,3376532.66,1,47809059.759999454,25404798.819599964,473706.94,1
2024-06-02,73748,3516587.350000002,1,47846547.82999942,25463394.819599964,473706.94,1
2024-06-03,72859,3545783.0400000005,0,47963588.96999941,25551912.699599963,473706.94,2
2024-06-04,71630,3476208.4100000006,0,48090068.55999942,25653790.785599962,473706.94,3
2024-06-05,70466,3409058.3899999997,0,48211667.16999939,25653790.785599962,473706.94,0
2024-06-06,69349,3362093.1000000015,0,48339172.65999939,25752413.00159996,473706.94,1
2024-06-07,68778,3386724.25,0,48453307.669999376,25752413.00159996,473706.94,0
2024-06-08,68788,3465357.229999998,0,48495067.079999365,25752413.00159996,473706.94,0
2024-06-09,68724,3539134.61,0,48530582.22999936,25752413.00159996,473706.94,0
2024-06-10,68364,3627282.489999998,1,48648770.96999938,25829036.10959996,473706.94,3
2024-06-11,67503,3704784.119999999,2,48768446.11999934,25853355.90959996,478559.92,2
2024-06-12,66428,3729782.270000001,0,48892507.59999932,25920820.989599958,478559.92,1
2024-06-13,65195,3663142.439999999,0,49014096.799999334,26002428.69959996,478559.92,1
2024-06-14,64054,3598877.93,1,49130434.63999936,26024326.72559996,478559.92,3
2024-06-15,63659,3578212.859999997,1,49168451.93999933,26024326.72559996,478559.92,0
2024-06-16,63382,3591135.029999999,1,49202532.3799993,26024326.72559996,478559.92,0
2024-06-17,62547,3592375.44,2,49312746.489999324,26311559.91359996,479137.63,4
2024-06-18,61322,3524486.549999998,2,49437192.91999927,26470136.08859996,480989.32,5
2024-06-19,60131,3481417.6899999995,2,49556047.72999924,26628331.42859996,482396.58999999997,3
2024-06-20,59635,3530435.5699999994,1,49660717.26999924,26628331.42859996,482841.00999999995,0
2024-06-21,58552,3475634.3999999985,1,49761797.299999215,26748892.350599963,482841.00999999995,3
2024-06-22,58820,3642816.0000000005,0,49799893.5499992,26748892.350599963,482841.00999999995,0
2024-06-23,59877,3672025.18,0,49828459.59999917,26748892.350599963,482841.00999999995,0
2024-06-24,62258,3770787.339999999,0,49938007.65999914,27006959.42459996,482841.00999999995,5
2024-06-25,61032,3724729.6399999983,1,50061425.14999912,27227274.318599965,482841.00999999995,5
2024-06-26,59952,3727667.14,2,50171041.69999907,27316154.670599967,482930.88999999996,3
2024-06-27,59198,3748386.259999999,2,50283160.53999903,27387880.36859997,483410.24999999994,3
2024-06-28,58698,3795532.5999999996,1,50384564.279999025,27387880.36859997,483754.7899999999,0
2024-06-29,63567,3969512.720000001,0,50422918.98999901,27420391.60859997,483754.7899999999,2
2024-06-30,63527,4010987.6499999985,0,50458425.17999903,27420391.60859997,483754.7899999999,0
2024-07-01,64423,4052187.8099999973,0,50573217.44999905,27420391.60859997,483754.7899999999,0
2024-07-02,66242,4096664.92,0,50690954.819999054,27420739.83659997,483754.7899999999,1
2024-07-03,66620,4055850.6900000013,1,50811087.72999906,27420739.83659997,484237.7899999999,0
2024-07-04,68735,4043296.7199999983,1,50928620.539999075,27475059.516599968,484793.23999999993,1
2024-07-05,69353,4103953.1199999996,1,51035933.92999906,27475059.516599968,485083.0399999999,0
2024-07-06,68958,4081469.2500000005,1,51076539.39999904,27475059.516599968,485276.23999999993,0
2024-07-07,68640,4062278.4099999997,1,51111752.259999014,27507057.396599967,485517.73999999993,1
2024-07-08,67789,4057658.8400000012,1,51231705.99999902,27580438.716599967,486097.3399999999,2
2024-07-09,66598,3993863.0299999984,2,51348541.619999036,27628071.396599967,487015.0499999999,2
2024-07-10,65366,3929309.970000001,2,51467735.66999905,27639485.916599967,488523.5199999999,2
2024-07-11,68126,3951707.340000001,3,51587157.73999908,27659297.076599967,490213.9599999999,2
2024-07-12,72073,3977220.4299999997,3,51693544.08999909,27760473.306599967,491917.20999999996,1
2024-07-13,71678,3954597.980000001,3,51734552.63999908,27760473.306599967,492282.23,0
2024-07-14,74958,3964145.28,2,51769453.67999908,27760473.306599967,492521.82999999996,0
2024-07-15,75219,3947997.2300000004,3,51887376.33999911,27862824.216599967,493431.5299999999,2
2024-07-16,74027,3880657.1300000013,4,52010248.49999913,27862824.216599967,495968.7699999999,0
2024-07-17,73212,3917497.440000001,5,52132280.82999913,27862824.216599967,498300.5299999999,0
2024-07-18,73798,3916355.4200000004,4,52248020.16999916,27887165.72459997,501752.3099999999,2
2024-07-19,72756,3857072.23,5,52356266.10999917,27887165.72459997,504439.0699999999,0
2024-07-20,72340,3834581.8800000004,5,52397701.549999185,27887165.72459997,506169.04999999993,0
2024-07-21,75645,3835233.560000001,4,52433150.339999214,27887165.72459997,506307.54999999993,0
2024-07-22,81727,3811111.560000001,3,52544705.44999918,27887165.72459997,507243.22,0
2024-07-23,80596,3797422.65,3,52667857.159999184,27887165.72459997,508980.75,0
2024-07-24,83133,3753989.9399999995,3,52784804.50999911,27887165.72459997,511262.37,0
2024-07-25,82227,3773842.4499999993,3,52901834.34999909,27887541.060599968,512770.68,1
2024-07-26,81205,3715693.549999999,3,53007825.849999055,27888010.95059997,514537.18,1
2024-07-27,80852,3695518.649999998,4,53044331.99999904,27888010.95059997,515218.59,0
2024-07-28,82172,3696085.2099999986,3,53079393.95999903,27888010.95059997,515761.65,0
2024-07-29,81139,3631058.169999998,3,53197156.379999064,27888010.95059997,517237.11,0
2024-07-30,79913,3564486.279999998,3,53318563.50999907,28063598.508599967,519618.83,3
2024-07-31,82358,3523454.1499999994,3,53445094.14999906,28063598.508599967,521233.37,0
2024-08-01,80674,3367246.049999999,3,53711936.479999065,28092371.868599966,523242.54,1
2024-08-02,79362,3237554.660000001,4,53934130.36999902,28315062.168599967,525786.68,5
2024-08-03,78820,3192614.7000000016,6,54011655.68999896,28315062.168599967,526357.11,0
2024-08-04,81996,3168332.1400000015,5,54072274.169998944,28315062.168599967,529797.6,0
2024-08-05,80652,3074234.5799999987,4,54276225.99999896,28315758.624599967,540715.93,2
2024-08-06,84049,3002144.9399999995,4,54521340.45999898,28315758.624599967,549806.0399999999,0
2024-08-07,86094,2899888.1900000013,4,54736314.58999897,28566078.246599965,559525.1999999998,6
2024-08-08,84573,2777335.8899999973,7,54949265.359998986,28710039.750599965,577119.8399999999,2
2024-08-09,83277,2698559.7499999995,4,55137634.20999898,28808816.442599963,584255.2399999999,3
2024-08-10,83057,2747793.1099999994,3,55213830.399998926,28808816.442599963,589252.6399999999,0
2024-08-11,82554,2705187.3300000005,4,55287316.12999891,28893960.40259996,590864.4399999998,2
2024-08-12,80911,2581588.419999999,3,55503445.88999888,28940601.23459996,597479.9799999999,1
2024-08-13,80470,2700494.0600000005,6,55709700.599998906,29082428.00219996,607113.4199999998,3
2024-08-14,80822,2684291.7799999984,6,55913637.64999893,29214989.88539996,618862.2299999997,5
2024-08-15,79256,2560643.2499999986,8,56129113.389998935,29303400.34739996,631720.6899999997,2
2024-08-16,77784,2480902.4900000007,8,56321575.43999893,29554974.35699996,640315.1299999998,6
2024-08-17,77831,2571787.6300000013,6,56391879.559998915,29615818.316999957,645458.6399999998,2
2024-08-18,77451,2575296.9800000014,5,56453562.799998894,29716994.546999957,646650.8399999999,1
2024-08-19,76208,2519528.6999999997,7,56670261.219998896,29831886.62099996,662396.7799999997,4
2024-08-20,75859,2556644.2199999993,7,56880074.26999894,30183957.746999957,672179.5099999998,8
2024-08-21,75325,2695471.8700000024,6,57082957.33999892,30304115.254199952,681053.9299999998,4
2024-08-22,74133,2677357.8500000015,7,57294774.99999893,30604405.70219995,692369.9199999998,6
2024-08-23,73285,2680672.8299999996,7,57489051.1099989,30821440.480199955,704067.5999999999,5
2024-08-24,73106,2669011.5000000005,6,57560866.23999893,30821440.480199955,708572.34,0
2024-08-25,74381,2766096.179999999,6,57613517.15999891,30821440.480199955,710065.64,0
2024-08-26,73825,2878159.309999999,7,57813175.1299989,31068528.580199957,723058.4199999999,4
2024-08-27,74176,2936495.989999997,8,58012908.74999895,31155335.560199957,740003.0900000001,3
2024-08-28,74133,2959369.9000000013,12,58246301.95999896,31298314.345199957,752235.9600000002,3
2024-08-29,74771,3092527.6100000003,15,58460327.66999893,31347599.731199957,765560.0000000002,3
2024-08-30,74029,3105386.23,14,58643318.259998955,31510204.360199954,783562.1900000003,4
2024-08-31,74243,3290584.7099999976,11,58713418.60999892,31560540.460199956,787607.3800000002,1
2024-09-01,74445,3393795.0600000005,8,58777878.6199989,31637862.952199955,789344.3200000002,2
2024-09-02,74460,3297599.1299999966,9,58984776.71999889,31831715.110199954,803058.5900000001,2
2024-09-03,72963,3231191.030000001,7,59192691.479998924,32070815.878199957,817132.95,6
2024-09-04,74505,3198072.590000001,7,59393954.55999893,32126471.878199957,822008.0999999999,3
2024-09-05,72989,3131157.6700000023,6,59604617.46999893,32373272.518199958,830255.5899999999,5
2024-09-06,75072,3202640.01,5,59782332.30999888,32459411.626199957,838116.5499999998,4
2024-09-07,77788,3215587.7199999993,5,59850349.85999883,32459759.854199957,843014.4899999999,1
2024-09-08,80351,3335385.1900000004,4,59906721.7999988,32479578.934199955,845268.0899999999,1
2024-09-09,82333,3233993.629999999,5,60115802.66999881,32521076.926199954,857670.0299999999,2
2024-09-10,80896,3167706.0199999986,5,60350044.50999885,32733477.70619995,869243.4099999998,4
2024-09-11,79291,3035035.3699999982,9,60580497.849998824,32783612.85419995,885747.7999999998,3
2024-09-12,77912,2919610.8200000003,11,60781104.71999882,33059582.812199946,903162.7899999997,6
2024-09-13,85051,3076024.2699999986,9,60965619.24999879,33114533.95019995,914902.6899999997,3
2024-09-14,85098,3127755.329999999,10,61029046.299998805,33114533.95019995,920069.7399999998,0
2024-09-15,89907,3152209.4200000037,9,61081559.38999879,33246983.251799952,923874.7699999998,2
2024-09-16,95060,3174813.9199999976,10,61253251.16999878,33440835.409799952,935746.2599999999,2
2024-09-17,95073,3211418.8899999997,9,61441130.13999882,33526200.913799953,945818.5199999998,1
2024-09-18,95622,3243549.4599999976,10,61613271.50999881,33820654.21379995,957140.1199999998,4
2024-09-19,94726,3269006.8899999997,10,61792845.93999881,33902719.25099996,970279.6499999996,4
2024-09-20,95126,3339389.349999998,9,61940067.28999878,34119097.56899995,982620.6399999997,5
2024-09-21,96662,3385970.2699999996,9,61997129.74999877,34220273.79899995,985999.4699999996,1
2024-09-22,97242,3527327.9600000004,8,62045824.24999876,34220273.79899995,989637.3099999995,0
2024-09-23,100730,3567720.7,8,62209771.13999877,34360214.690999955,1000395.8199999995,4
2024-09-24,99531,3489545.469999998,10,62386348.14999876,34479889.70699995,1011143.9199999995,2
2024-09-25,98899,3605191.38,8,62565372.679998785,34581065.93699995,1022505.3999999994,1
2024-09-26,98361,3683555.729999999,9,62746384.93999879,34581065.93699995,1030228.0799999994,0
2024-09-27,98868,3809384.040000001,7,62911329.79999879,34581065.93699995,1035785.5099999994,0
2024-09-28,98998,3903784.7000000016,7,62975861.72999881,34581065.93699995,1037846.7699999994,0
2024-09-29,103611,3978047.32,4,63024416.9799988,34581065.93699995,1038302.0299999994,0
2024-09-30,102617,3985413.350000001,5,63209954.63999881,34707439.766999945,1039950.5999999995,2
2024-10-01,101113,3894179.5599999996,6,63374004.96999882,34728863.00699995,1043602.2599999995,1
2024-10-02,99577,3810756.9099999997,6,63526042.30999882,34783509.20699995,1049468.5799999996,2
2024-10-03,98313,3752501.2900000005,8,63673512.99999885,34804910.23499995,1055390.2799999996,2
2024-10-04,101162,3795280.419999997,7,63802080.13999885,34836908.11499995,1060143.2799999996,1
2024-10-05,101339,3953890.989999999,6,63851090.61999882,34837283.45099995,1061792.5899999996,1
2024-10-06,103136,4067143.4400000004,4,63897081.989998825,34837283.45099995,1063283.2799999993,0
2024-10-07,102010,4053801.0,4,64045864.949998826,34837283.45099995,1067971.0599999991,0
2024-10-08,100528,3961894.880000002,5,64211003.48999878,34891929.650999956,1072848.909999999,2
2024-10-09,100982,4007562.3500000006,3,64371738.08999875,35051936.62799996,1074233.709999999,4
2024-10-10,99783,3948515.0599999977,2,64543865.02999871,35051936.62799996,1075310.3499999992,0
2024-10-11,98867,3930795.6900000004,3,64684418.08999869,35119784.83799996,1076560.0899999992,4
2024-10-12,98366,3903890.14,2,64734166.74999867,35120160.173999965,1077637.219999999,1
2024-10-13,98516,3978512.1100000003,1,64776678.40999864,35120160.173999965,1077896.869999999,0
2024-10-14,98334,3942988.4900000026,0,64934017.42999864,35149721.93399996,1077896.869999999,1
2024-10-15,101199,4036172.100000001,2,65106673.39999865,35189142.65399996,1078341.2899999989,1
2024-10-16,99766,3979876.1699999995,3,65265624.48999864,35478910.30799996,1080127.639999999,7
2024-10-17,98179,3886142.1699999985,3,65435582.959998645,35567471.83799996,1082900.5399999989,2
2024-10-18,98236,3869696.1300000018,2,65583041.07999863,35729114.60999996,1087282.099999999,4
2024-10-19,97741,3839752.710000001,3,65636837.79999862,35729114.60999996,1087726.5199999989,0
2024-10-20,98938,3836900.370000002,3,65679687.459998585,35761226.57399996,1088170.9399999988,1
2024-10-21,99311,3880490.8400000003,3,65843236.66999858,35761226.57399996,1089335.1799999988,0
2024-10-22,98059,3860554.7900000024,4,66006941.55999856,35761696.463999964,1093280.9899999988,1
2024-10-23,98099,3810307.4999999995,2,66181159.919998564,35791198.17599996,1095609.4699999988,1
2024-10-24,98016,3822094.41,0,66344326.35999852,35791198.17599996,1095609.4699999988,0
2024-10-25,99601,3831689.549999998,0,66489986.94999852,35998408.27799997,1095609.4699999988,3
2024-10-26,101022,3884424.960000002,0,66542730.73999851,36102607.46999997,1095609.4699999988,2
2024-10-27,100563,3858272.94,0,66590100.86999849,36102607.46999997,1095609.4699999988,0
2024-10-28,99024,3770753.81,1,66749128.009998485,36266308.50959997,1096450.9699999988,4
2024-10-29,97590,3743003.340000001,0,66920055.26999853,36384127.59719997,1096450.9699999988,2
2024-10-30,96181,3656318.0900000003,1,67075959.79999851,36451919.19719997,1097585.8699999987,2
2024-10-31,94717,3571067.3500000006,1,67231071.89999847,36499029.91919997,1098720.7699999986,2
2024-11-01,93107,3473319.980000001,3,67407013.56999841,36584395.423199974,1100633.8699999987,1
2024-11-02,92542,3465846.610000001,3,67473130.96999834,36702212.923199974,1103257.1299999987,2
2024-11-03,92517,3495565.5699999994,4,67523943.49999838,36702561.151199974,1106876.1699999988,1
2024-11-04,91150,3470747.3200000008,4,67716245.34999841,36761532.48719998,1115946.6699999985,2
2024-11-05,89668,3460399.659999999,5,67915328.44999836,36781351.567199975,1122848.9899999986,1
2024-11-06,91355,3570552.6700000004,3,68130021.23999828,36799030.44719998,1130637.5399999986,1
2024-11-07,91626,3544543.9200000004,4,68317253.29999825,37092338.84639998,1138732.7599999984,5
2024-11-08,90834,3664933.8699999982,1,68491380.24999821,37217508.356399976,1140731.7199999983,2
2024-11-09,90281,3627445.690000002,1,68558994.77999817,37307915.55239998,1142230.9399999983,2
2024-11-10,90297,3676323.7299999995,1,68620205.99999808,37412546.96039998,1143230.4199999983,1
2024-11-11,88528,3568005.5700000008,1,68814561.25999802,37639596.82439998,1146228.8599999982,5
2024-11-12,86740,3453155.489999999,2,69020442.519998,37698482.39759998,1147728.0799999982,3
2024-11-13,85232,3445143.8099999996,1,69221817.37999801,37892334.55559998,1150726.5199999982,2
2024-11-14,83457,3332598.8800000036,5,69422437.29999799,37950930.55559998,1160618.5199999982,1
2024-11-15,82173,3344936.18,6,69589581.869998,37950930.55559998,1172025.2999999982,0
2024-11-16,81587,3308566.1999999983,7,69655039.95999803,37950930.55559998,1176648.9399999978,0
2024-11-17,82422,3515273.8500000006,6,69711944.31999804,37990821.16559998,1180547.8899999978,2
2024-11-18,81689,3631667.990000001,6,69898738.609998,38029141.29359998,1193408.4999999977,1
2024-11-19,80575,3677752.690000001,9,70111449.21999799,38246158.935599975,1206310.3299999975,4
2024-11-20,79409,3643410.3799999985,8,70318678.389998,38246860.79159998,1217756.0299999972,2
2024-11-21,77999,3600932.5199999986,7,70506554.34999794,38296563.83159998,1229831.799999997,2
2024-11-22,76502,3505390.6699999985,9,70677435.49999794,38345430.23159998,1242135.549999997,2
2024-11-23,76385,3606774.9299999983,8,70732655.88999797,38345430.23159998,1247556.7199999967,0
2024-11-24,75870,3577006.75,9,70786698.56999797,38345430.23159998,1252396.3099999968,0
2024-11-25,78636,3671602.319999999,8,70985858.08999795,38503287.71759998,1261988.549999997,3
2024-11-26,77416,3652781.279999999,7,71178010.71999791,38588653.22159998,1269208.809999997,1
2024-11-27,75759,3535914.0600000005,8,71385336.29999793,38629190.66159998,1278117.809999997,2
2024-11-28,74339,3512592.8600000017,7,71592753.9899978,38661188.54159998,1284089.6599999971,1
2024-11-29,70898,3282902.26,8,72000496.4699979,38908595.73359998,1297748.2499999972,5
2024-11-30,71304,3254379.4799999986,8,72131471.14999788,38979376.881599985,1303614.8699999973,3
2024-12-01,70355,3196305.900000001,9,72235838.03999783,39008150.241599984,1311940.1899999972,1
2024-12-02,67204,2922552.96,11,72769785.7699978,39151167.44759999,1331670.1399999973,4
2024-12-03,64388,2725546.36,16,73152862.09999788,39151637.33759999,1376648.359999997,1
2024-12-04,62822,2665290.1899999995,16,73332022.69999786,39205957.01759999,1399704.649999997,1
2024-12-05,61309,2579424.5999999996,15,73489164.44999795,39206305.24559999,1425096.199999997,1
2024-12-06,60443,2579095.8599999985,17,73641149.09999798,39273770.32559999,1451096.4999999967,1
2024-12-07,65173,2693570.96,13,73699867.40999794,39333243.76559999,1456747.5399999963,1
2024-12-08,66347,2700434.7500000005,14,73744272.7199979,39414851.47559999,1464622.4999999963,1
2024-12-09,65165,2669044.1899999976,14,73912225.5999978,39469171.15559999,1485526.1199999964,1
2024-12-10,64396,2730926.1199999987,12,74098378.77999778,39726683.83559999,1504936.0899999966,5
2024-12-11,63510,2782915.95,9,74283161.34999776,39876083.14559999,1518729.029999997,3
2024-12-12,62720,2884520.559999997,8,74471324.08999768,39945984.70559999,1529738.439999997,2
2024-12-13,62491,2851339.499999998,10,74637563.29999767,39945984.70559999,1537034.209999997,0
2024-12-14,62040,2836348.8600000013,8,74702700.02999765,39945984.70559999,1539911.8899999969,0
2024-12-15,66046,3116026.5199999996,5,74757824.64999759,39975486.41759999,1541415.169999997,1
2024-12-16,64463,3056177.090000002,3,74953336.79999755,40026100.977599986,1543750.249999997,2
2024-12-17,62706,2954145.959999997,5,75138089.7599976,40139468.469599985,1548353.519999997,3
2024-12-18,61063,2842184.630000002,5,75337091.85999759,40322265.27959999,1555097.329999997,3
2024-12-19,59731,2869639.5700000008,5,75533783.00999755,40446593.09459999,1556773.649999997,3
2024-12-20,58298,2833153.3900000006,5,75720817.81999749,40626687.41459999,1562012.7799999972,4
2024-12-21,59116,2846198.4700000016,4,75783163.18999751,40626687.41459999,1563559.8599999973,0
2024-12-22,62250,2834588.94,4,75839488.25999746,40626687.41459999,1564025.149999997,0
2024-12-23,62531,2823393.4400000013,4,76034295.27999742,40676382.202199996,1569677.8999999969,2
2024-12-24,66756,2943971.580000001,5,76233179.17999738,40881036.7362,1573498.3399999966,5
2024-12-25,65208,2916732.23,5,76433663.82999727,41017701.52020001,1576129.5499999966,4
2024-12-26,65194,3045003.9299999992,4,76508370.67999725,41132966.07780001,1576994.5499999963,4
2024-12-27,64578,3006997.830000002,4,76576749.51999722,41237597.48580001,1577680.5399999963,1
2024-12-28,65979,3011800.1900000004,4,76604830.81999727,41237597.48580001,1577841.6999999965,0
2024-12-29,67462,3026702.9800000004,3,76623101.48999724,41237597.48580001,1577922.2799999965,0
2024-12-30,69148,3205467.6000000006,2,76697681.6699972,41237597.48580001,1578369.8899999964,0
2024-12-31,70521,3247187.7100000023,3,76765701.21999717,41261590.765800014,1578701.0499999966,1
